# Temp, Turbidity, Ph , Electrical Conductivity, Water Quality
19,351,6,1111,2
18,415,6,742,4
22,425,7,640,3
21,494,7,676,4
18,542,7,710,4
18,353,7,1317,4
22,477,6,1004,5
19,511,6,815,5
20,410,7,1466,2
20,450,6,977,3
20,477,8,1428,3
21,539,6,589,2
20,325,8,540,4
21,497,7,719,5
19,470,6,1206,4
21,340,6,1123,3
22,516,7,1404,4
19,425,7,728,5
19,345,6,634,2
21,447,6,569,3
19,322,8,874,3
20,577,7,681,4
20,435,6,566,1
22,388,6,1383,2
21,594,7,1232,5
22,300,8,1040,1
20,589,7,523,4
21,599,8,953,1
20,577,8,1010,5
19,543,7,1453,3
20,446,8,1495,2
22,303,8,1270,3
19,586,7,1252,1
22,411,7,706,3
18,478,6,621,4
19,378,6,875,1
22,483,7,690,4
18,545,7,751,4
20,451,6,599,2
21,355,6,1002,1
18,490,8,1317,3
18,323,8,909,1
22,346,7,654,4
21,590,8,756,2
19,447,7,1116,2
22,360,7,851,2
21,329,6,688,3
19,569,8,869,3
20,529,8,1262,2
18,561,8,1303,5
22,549,8,616,4
19,457,7,1475,3
21,357,7,880,3
18,345,6,549,4
20,536,8,698,5
21,572,8,1226,5
20,551,7,1450,4
22,514,8,1269,4
21,337,6,858,1
19,429,7,962,5
19,405,8,1072,3
20,391,8,1144,5
19,489,6,961,2
19,461,6,1018,2
18,471,8,1274,5
20,561,6,746,3
22,508,7,849,3
20,415,7,1055,5
22,381,8,1046,2
20,434,8,853,4
20,431,7,561,5
18,454,8,765,2
20,318,8,1423,3
21,358,6,856,1
22,324,7,1364,1
22,380,7,1493,2
22,314,8,1242,3
19,403,8,1499,3
21,401,8,1292,1
19,596,8,1026,5
20,439,8,937,3
18,522,7,662,2
20,351,8,500,3
21,480,7,731,4
18,371,6,718,4
20,403,7,798,3
19,323,7,1486,1
19,402,7,1124,2
19,461,6,1410,2
18,523,7,722,2
22,555,8,931,2
22,362,6,1363,5
21,580,8,781,3
19,593,7,1226,3
22,334,6,716,4
20,406,8,1091,1
20,322,8,598,2
19,463,6,835,5
20,506,8,525,4
22,501,6,760,1
18,393,6,1415,3
20,512,6,729,3
20,409,8,1118,2
20,555,7,1005,5
21,306,8,715,3
21,500,8,952,3
20,458,6,1263,2
21,343,8,719,3
19,544,8,1073,1
20,538,8,634,5
22,323,7,1086,4
22,506,8,1208,1
20,305,8,978,2
22,471,8,1373,4
18,589,7,978,2
21,353,8,897,3
21,432,8,667,2
20,459,8,909,4
21,320,8,1430,2
20,339,7,957,1
21,551,6,1391,2
22,392,8,1007,4
18,534,6,673,1
21,397,7,830,1
20,374,7,795,5
21,374,6,1271,5
21,571,7,639,5
22,302,8,592,2
18,373,6,1475,2
18,526,8,874,2
19,335,7,1169,5
19,330,8,553,5
18,452,8,619,1
21,514,7,945,4
18,594,6,1333,1
22,446,6,731,3
22,533,8,1233,2
21,366,6,631,3
18,431,8,1354,3
18,552,8,1375,5
20,352,6,1187,4
19,437,7,559,5
18,557,8,880,2
19,375,6,1154,5
19,350,7,927,2
19,577,8,760,3
18,394,7,539,4
21,524,6,595,3
19,560,8,691,2
21,445,6,584,3
18,392,6,1215,4
21,521,6,562,4
18,565,6,1362,1
20,345,6,1480,3
19,391,8,890,3
18,434,6,1209,3
19,371,8,584,4
22,381,8,770,2
22,550,6,929,3
20,331,7,1296,2
20,536,7,1172,5
19,430,8,961,2
22,487,6,802,1
22,377,7,550,1
19,573,7,883,3
22,493,6,1054,4
22,585,6,1281,1
20,337,7,1139,4
19,351,8,1329,3
21,436,8,1063,2
22,427,8,821,1
18,557,7,1284,5
18,508,6,823,4
18,546,6,1065,3
22,449,6,931,4
20,430,8,875,3
19,413,6,1385,4
19,475,6,1423,2
21,462,7,768,5
22,404,7,642,4
18,578,7,616,4
22,507,7,506,2
19,513,6,872,3
19,352,6,766,4
20,522,8,1227,2
18,528,8,1217,1
21,389,7,1272,1
22,477,7,938,2
20,402,8,956,4
21,307,6,1186,1
19,304,7,1287,4
19,453,8,1479,2
21,378,8,1225,2
19,444,6,1338,1
21,410,6,990,2
18,385,8,638,4
21,362,6,600,5
22,541,7,885,4
22,413,8,1025,3
22,360,6,739,1
20,400,8,1316,4
20,407,8,1331,1
19,460,8,1312,4
21,514,7,895,1
20,426,6,543,5
21,542,8,1444,1
19,594,7,1238,1
19,323,7,559,5
20,333,8,1424,3
22,340,6,556,4
18,319,7,925,4
20,422,8,1018,5
20,429,8,1219,2
19,540,6,770,4
20,579,7,1454,1
21,428,8,1267,5
21,465,8,999,1
18,391,8,1326,2
19,416,8,1218,4
18,418,8,1397,1
22,419,6,688,1
22,561,8,1315,4
19,465,8,568,1
22,366,7,703,1
22,432,8,1015,1
20,498,8,723,2
19,590,7,1371,2
18,502,6,1469,5
21,475,8,686,1
19,373,6,1488,3
19,513,6,1207,3
18,450,8,741,3
22,351,7,509,1
22,524,8,823,1
21,511,6,1198,4
19,356,7,571,3
19,398,7,1062,1
20,425,7,790,3
21,506,7,1165,2
18,471,7,784,5
19,414,7,878,2
21,432,6,1196,4
18,419,6,1095,3
19,341,6,1215,1
20,591,6,825,4
22,376,6,1092,3
18,420,7,682,2
18,583,8,1494,2
19,403,7,1178,5
22,333,8,677,2
18,481,7,971,4
19,456,7,591,3
19,430,6,646,3
22,549,7,914,2
18,577,7,617,3
20,506,7,1201,5
21,381,6,1117,3
21,358,8,1375,2
21,401,8,671,1
21,553,7,791,3
20,412,7,1283,2
20,546,7,1176,2
19,505,8,1459,5
20,470,6,1169,1
18,499,8,875,2
18,590,7,683,1
19,330,7,763,4
18,553,7,1487,3
19,399,8,716,4
18,486,8,602,3
20,581,8,760,3
20,511,6,1048,1
20,416,6,1458,2
19,371,6,855,1
18,384,8,635,5
18,595,7,935,2
22,482,7,1490,1
19,426,6,628,1
18,542,7,878,3
22,338,6,1240,4
21,476,6,865,5
19,477,8,572,1
18,597,7,845,1
22,326,8,502,2
21,333,6,661,5
19,515,8,750,1
21,523,7,1468,5
18,452,6,748,3
20,528,8,1124,4
21,363,8,940,3
22,519,8,723,3
22,326,6,648,1
21,378,8,678,4
18,453,8,827,3
18,494,6,1064,1
22,468,8,803,5
21,469,6,1111,5
20,592,7,1425,3
20,395,7,1003,1
18,423,7,1171,3
21,374,7,500,2
22,392,7,985,1
22,341,7,983,2
22,403,8,1151,1
22,445,8,1099,1
19,600,6,657,2
22,310,7,1450,2
18,399,6,1350,1
20,342,7,922,1
20,387,6,540,3
19,387,7,1016,3
22,360,7,566,1
20,498,7,1139,3
18,533,6,735,2
21,499,7,1477,5
22,595,7,563,1
22,423,8,613,5
22,457,7,834,3
20,539,6,852,2
20,435,7,1494,2
19,364,6,662,3
19,302,6,540,5
18,332,6,1462,3
20,546,7,1386,1
19,545,7,1358,1
19,424,8,1106,5
20,351,7,1104,5
22,324,7,1141,1
19,498,6,1380,4
19,406,6,506,2
18,419,8,1371,3
19,446,8,849,2
22,372,7,1275,5
19,575,8,978,3
21,483,7,803,4
19,462,6,864,5
19,448,6,717,4
21,387,6,1499,3
22,308,8,880,5
20,360,6,1370,5
22,332,7,1198,1
20,477,7,896,4
19,484,6,862,1
18,456,7,550,5
19,501,8,1217,4
19,362,6,1031,5
20,303,7,1021,5
21,325,7,961,2
20,395,8,681,5
19,510,8,1348,3
21,580,7,1004,3
20,538,8,915,4
21,493,6,807,3
19,420,7,785,1
19,567,6,765,3
22,315,6,1039,1
21,414,7,1494,5
18,391,6,1072,3
21,596,6,673,1
21,527,8,1445,4
19,412,8,1095,5
18,472,7,868,4
20,419,7,872,5
21,454,7,1210,4
22,516,8,690,5
22,424,8,567,3
21,436,6,1495,5
18,350,6,1108,5
19,524,7,1064,5
22,463,6,989,2
20,378,7,1407,4
21,418,6,1427,4
18,344,8,634,4
18,430,6,532,4
20,460,7,594,2
22,515,8,1273,4
19,456,6,1069,5
22,480,6,1401,2
22,480,8,1056,4
21,438,8,506,5
19,313,7,1213,1
22,593,6,946,2
19,318,8,933,1
19,331,6,1423,5
21,427,7,603,1
19,343,6,689,4
19,568,6,1402,4
18,537,7,969,2
22,487,7,1212,4
22,443,6,1465,1
20,576,6,721,2
21,595,8,1488,1
21,336,6,1263,2
18,541,8,1230,2
18,583,6,705,4
19,574,7,549,3
22,433,8,846,5
19,580,8,591,2
20,561,7,1337,3
19,402,7,929,3
18,503,7,744,5
19,583,6,1372,4
21,386,6,1300,4
19,541,8,1209,3
19,379,6,1179,2
18,445,6,1253,3
20,420,6,868,3
20,452,7,798,3
19,527,6,1331,2
21,385,6,865,4
18,556,7,767,3
20,380,7,591,1
18,461,6,836,3
18,472,8,1145,4
21,338,8,538,2
18,370,7,1117,5
22,555,6,787,4
19,423,8,584,2
18,330,8,1156,5
22,442,8,839,5
19,366,7,1315,3
19,376,8,999,2
19,341,7,1017,5
20,577,7,1200,5
21,340,8,635,5
21,406,7,1484,3
20,372,7,875,4
18,488,7,545,1
22,323,6,550,4
18,334,7,587,1
22,453,6,957,3
19,580,6,812,4
21,301,6,952,3
18,558,7,629,1
20,589,7,795,3
22,497,7,1030,2
21,475,6,1318,5
20,430,8,1073,3
21,590,7,1059,5
22,573,7,761,2
22,419,6,916,3
22,351,6,1033,1
20,420,7,1297,4
20,481,6,505,5
19,340,6,1336,4
18,392,7,766,4
22,351,7,878,5
20,414,8,859,4
19,438,7,1086,3
22,523,7,866,5
18,316,7,734,1
19,465,8,859,3
22,463,7,668,3
18,486,8,951,5
20,403,6,1005,4
21,531,6,1458,1
21,304,7,602,4
21,503,7,1368,1
22,516,6,699,3
18,572,6,513,4
18,523,8,1327,3
21,545,8,1181,4
18,418,6,1040,1
18,414,6,1000,4
18,564,6,550,2
18,583,7,887,2
22,497,7,783,4
22,477,8,566,2
22,394,8,1040,5
19,530,8,1131,5
22,497,6,1194,4
18,533,6,885,1
22,456,8,507,2
18,499,6,1269,3
22,421,8,1009,5
18,304,6,956,1
21,518,6,530,5
18,359,8,1428,4
20,422,8,1307,5
19,442,6,1085,5
22,536,8,1169,3
19,339,7,699,4
20,560,7,577,3
20,394,7,606,1
19,319,8,684,4
19,402,8,1028,5
22,470,6,849,3
22,494,8,840,5
22,576,8,571,1
19,533,7,1007,3
20,338,7,1403,5
21,474,6,1383,1
20,443,7,1339,4
19,484,7,692,5
19,308,7,1099,4
20,423,7,1272,5
21,387,8,1022,3
20,506,8,1311,2
21,404,6,505,1
21,556,6,1491,4
21,438,6,1133,1
22,396,8,584,2
21,549,8,1113,2
20,393,7,628,3
19,587,6,689,4
21,328,7,1448,4
20,393,8,1500,2
19,358,8,773,4
19,341,6,1260,5
21,353,7,1244,3
22,512,7,802,2
21,342,8,638,5
18,524,6,1479,1
21,517,6,1147,1
18,472,6,648,5
22,452,7,1051,1
19,315,7,756,1
18,583,6,895,5
20,494,8,582,1
19,424,8,910,5
22,526,6,632,3
19,422,8,1410,1
22,545,8,1035,4
20,580,6,589,1
18,490,8,750,1
21,436,7,1412,4
20,343,7,1012,1
22,383,7,1422,3
21,546,8,640,2
21,322,8,836,4
21,326,6,1323,4
22,407,8,881,1
22,562,6,805,2
21,429,7,829,1
18,551,8,1170,4
18,600,7,607,2
18,425,6,1355,4
21,527,6,820,4
21,326,6,753,5
18,377,7,1073,2
18,368,6,1431,1
19,339,8,615,5
19,549,6,902,3
20,365,8,1222,1
19,303,6,1211,4
22,322,8,1200,4
20,504,6,1125,5
19,566,6,879,3
19,346,6,1113,1
21,384,8,986,5
21,525,6,802,3
18,529,7,1056,1
18,570,6,783,5
20,325,8,811,1
22,329,8,756,2
18,441,6,1404,5
20,580,8,693,2
18,364,7,584,2
19,358,7,659,1
21,333,6,1056,2
21,510,6,1213,2
18,587,8,1480,4
19,554,8,1454,5
18,543,7,976,5
19,340,7,585,2
19,440,8,1202,5
19,336,6,558,3
19,325,6,1070,2
20,419,7,873,3
19,506,8,1455,5
19,343,7,1130,1
20,493,7,1347,3
20,523,8,965,4
21,438,6,1404,4
19,517,6,592,1
22,492,8,1065,4
19,380,8,1297,4
21,564,8,860,3
22,547,7,1079,4
18,429,6,1362,4
22,460,8,938,5
20,360,6,966,5
20,373,7,1224,1
21,557,6,719,4
22,520,8,1221,3
21,390,8,879,5
19,543,8,1322,4
18,379,7,1322,4
18,306,6,1027,3
21,596,7,689,4
18,371,6,1189,3
22,378,6,963,5
19,502,8,1228,5
18,395,7,585,2
22,309,6,938,5
20,456,6,1284,3
21,576,7,1176,3
18,436,6,517,3
18,363,8,1446,3
18,401,8,1394,4
20,438,7,1113,3
21,343,8,1416,5
18,350,6,1297,4
21,575,8,739,5
21,435,6,1034,2
19,539,6,1273,2
20,533,8,1452,1
21,487,6,1012,4
20,538,8,1212,3
20,522,6,1200,5
22,376,7,594,2
18,324,6,557,1
19,461,7,1147,1
21,312,7,971,3
22,543,7,720,1
21,510,6,624,2
22,366,7,1010,4
22,488,8,1332,4
18,459,6,1414,5
20,563,7,663,4
19,430,6,1088,2
19,534,6,1181,2
21,340,7,796,1
19,454,6,624,4
19,402,7,1490,4
20,456,7,635,2
22,466,7,1282,1
20,303,7,1203,2
19,461,6,623,5
19,559,7,595,4
21,377,6,511,1
22,496,6,1426,4
22,546,8,873,3
19,337,6,988,3
20,405,6,632,4
19,590,8,1041,4
18,335,8,1003,4
21,556,7,826,3
22,455,8,673,4
21,309,8,1297,5
22,434,8,1136,5
21,498,8,742,4
21,520,8,1201,5
20,343,6,651,3
18,515,8,1303,4
18,492,8,1067,3
20,519,8,1487,5
22,350,8,727,1
21,545,8,577,4
22,401,8,604,1
18,317,7,746,4
18,444,8,1152,2
21,400,7,663,4
22,452,6,1073,2
19,530,8,994,5
20,391,8,729,3
21,467,6,1437,2
20,539,7,980,2
20,358,7,1487,5
19,320,6,984,4
21,584,8,1193,3
21,581,7,1476,5
18,334,7,684,3
22,304,7,775,1
20,394,6,998,3
21,559,6,1061,2
19,333,8,1074,3
19,540,6,985,5
18,397,6,571,4
21,422,8,663,3
19,458,6,889,4
18,499,6,579,2
22,577,8,1175,2
20,576,6,1050,2
21,405,8,1212,3
20,388,6,767,3
21,310,7,989,1
20,403,7,645,2
20,587,7,792,1
18,366,7,965,4
19,370,7,960,2
22,467,8,1250,2
20,519,6,546,2
22,329,6,844,2
20,518,7,1489,2
22,326,7,1184,1
18,568,8,1432,4
21,380,7,647,4
20,553,7,940,4
19,458,6,852,5
20,579,8,573,4
19,300,6,615,2
22,405,6,1024,4
18,323,8,517,1
21,479,7,782,1
19,383,6,1081,2
21,307,8,1256,3
18,389,8,766,2
22,549,7,526,4
22,377,7,661,2
22,516,6,1031,3
18,551,7,1199,1
18,367,8,1240,5
21,345,8,700,2
18,392,7,989,3
21,449,8,1116,1
20,535,6,1241,3
21,491,8,1448,1
19,469,8,1389,3
22,534,7,1447,1
21,588,8,1277,3
21,338,6,1463,4
18,361,6,1008,5
20,522,7,869,2
22,337,6,1497,5
21,533,8,618,2
20,326,8,932,1
21,528,8,686,4
18,482,8,1299,3
18,551,8,1414,2
21,519,8,1437,3
19,583,8,1112,1
21,339,8,754,4
19,364,7,602,1
21,480,7,1448,3
19,312,6,660,4
20,521,8,580,4
20,521,8,701,4
19,503,8,1345,3
19,504,7,1384,1
18,548,8,691,4
19,421,6,1189,1
22,594,8,1096,3
18,377,6,643,2
19,326,8,991,1
21,439,6,1400,1
21,368,7,1093,3
18,342,6,1407,1
19,405,7,742,1
19,549,6,1301,3
19,364,8,1464,5
20,531,8,525,1
21,508,8,785,1
20,310,8,1439,4
19,497,7,932,2
22,569,6,858,2
18,507,8,1178,5
19,312,6,962,2
22,471,7,654,1
19,320,6,1359,4
22,438,8,970,1
18,534,8,1403,3
19,379,7,929,4
19,564,6,1174,4
18,571,6,638,4
19,577,7,908,1
18,512,8,1463,4
20,586,8,711,3
21,380,8,1072,3
22,539,8,690,2
20,575,6,753,3
22,385,6,513,5
20,469,6,1150,1
22,433,7,707,1
20,418,7,939,3
20,341,7,1292,1
20,466,7,714,3
18,597,6,1015,1
22,495,8,799,5
20,558,6,1153,1
20,423,8,949,2
20,531,6,667,1
18,577,8,1218,2
19,446,7,1012,4
19,502,7,563,1
18,580,8,629,4
19,338,8,593,4
22,311,8,1141,2
21,332,6,743,5
21,312,7,1125,2
21,383,7,1373,5
21,368,6,554,4
18,428,7,523,5
22,600,8,1492,2
18,358,6,762,3
21,548,8,862,2
21,532,7,1020,2
18,526,8,1151,3
19,428,8,722,2
20,459,8,617,2
19,483,7,1096,4
20,510,6,1225,1
21,396,8,1465,2
21,410,6,1224,2
20,590,6,992,4
20,451,7,793,3
20,314,7,1120,5
21,338,8,915,5
22,465,8,1185,5
22,357,7,661,5
21,475,7,1068,5
18,395,7,1351,2
22,413,8,704,1
19,592,6,714,5
20,508,8,715,5
22,397,7,1237,4
18,342,6,1387,2
21,484,6,919,5
20,467,6,680,3
21,336,6,684,1
20,568,8,659,5
21,379,7,925,1
21,500,8,571,2
20,533,8,1392,2
21,554,8,1035,1
21,384,6,790,2
20,371,7,1387,5
19,390,7,577,5
21,581,6,888,3
21,402,6,1004,3
18,358,6,1330,3
20,556,7,1198,5
22,455,7,535,1
22,482,7,790,4
21,396,8,1158,5
19,411,6,735,1
20,566,8,1367,2
20,551,6,587,5
21,416,6,874,5
21,496,8,926,2
19,341,7,1460,2
19,317,6,583,1
18,551,8,869,1
18,498,7,1118,1
18,466,7,980,3
22,529,6,1446,3
19,320,7,900,5
21,540,7,1358,5
20,488,8,1432,5
19,459,7,671,2
22,502,8,906,4
22,548,6,1481,5
22,482,8,907,5
19,565,8,1238,4
21,342,7,1116,3
22,494,6,786,3
18,486,6,736,5
18,320,7,598,5
20,548,7,557,3
22,300,7,1399,2
21,448,8,1240,1
18,320,8,588,2
20,329,7,1265,1
22,571,7,636,2
20,324,8,654,2
19,417,6,1166,4
20,445,6,585,5
18,524,7,1017,1
18,382,8,856,2
20,476,7,1256,2
18,366,6,1414,2
22,341,7,547,1
21,531,6,593,1
19,371,7,808,3
22,459,6,1194,1
19,593,8,1257,5
18,412,6,985,4
21,371,7,1169,3
21,433,7,1285,1
22,434,6,1035,2
18,514,8,506,3
19,446,8,1213,2
18,480,6,1212,3
21,554,7,899,2
21,582,7,836,3
22,501,6,1013,4
18,483,7,970,4
18,471,6,958,3
22,349,7,697,2
19,367,8,1339,2
21,596,8,1130,1
19,584,7,713,3
19,543,8,1003,3
22,592,7,1398,1
22,512,6,913,2
20,383,7,580,2
20,509,6,954,5
19,455,7,1061,4
20,389,6,1227,1
20,496,8,1470,2
22,306,7,1174,5
20,509,8,915,3
21,341,6,1471,4
21,380,7,1398,3
21,365,8,1362,3
19,578,6,1359,5
22,459,7,1298,5
22,347,7,828,2
22,587,8,1496,1
21,481,8,953,2
22,316,6,974,3
20,574,8,886,5
20,406,6,884,4
22,481,7,1235,4
18,498,7,563,3
21,305,7,1190,5
21,594,6,650,5
21,567,6,558,1
22,549,7,603,3
19,405,7,1431,2
21,384,8,578,5
20,468,8,789,3
20,432,7,1435,4
21,510,7,625,5
22,576,7,964,4
18,327,6,1174,1
18,581,7,879,1
22,397,8,1277,5
21,561,7,988,3
21,311,6,1034,3
18,491,6,741,3
22,592,6,888,2
21,309,7,532,5
20,530,7,655,4
18,365,7,1228,4
21,385,6,511,1
22,373,8,873,3
19,339,8,838,1
19,521,8,1295,2
21,424,8,1265,5
19,347,6,667,1
20,498,7,1451,5
19,498,7,1403,5
21,593,8,1194,2
20,563,8,690,5
22,321,7,591,2
22,470,8,772,5
19,534,6,626,1
21,337,6,1298,1
20,380,7,505,4
19,426,7,932,5
22,310,6,1244,1
21,317,6,564,3
22,497,7,1417,3
22,501,6,1053,4
18,327,8,990,3
20,402,7,730,2
21,317,8,602,4
19,493,6,1407,1
20,359,7,525,2
19,579,6,938,3
22,318,7,1141,5
21,443,8,504,2
20,486,8,1087,1
18,469,8,1237,4
20,493,7,1466,5
20,471,6,1172,1
19,396,8,1178,4
18,333,7,1391,4
22,475,6,625,1
21,565,8,1358,1
19,459,8,1248,4
19,487,7,995,4
21,392,8,1200,3
18,340,6,1271,4
19,525,7,1033,1
21,599,7,655,3
19,310,6,1044,3
18,478,7,1093,5
20,309,7,1378,5
20,486,8,1103,4
18,566,7,647,3
18,310,7,1123,4
21,336,8,954,3
19,589,8,1155,1
19,548,7,1112,4
20,463,7,692,2
20,491,7,1041,3
19,350,8,1419,2
22,337,8,827,2
21,311,6,1198,1
19,540,6,1158,3
22,523,7,874,4
19,373,6,1439,2
21,432,7,1450,2
22,308,7,576,5
22,360,6,505,1
22,453,7,1405,1
18,400,8,575,5
19,400,8,672,5
19,468,7,1063,2
21,398,6,1124,4
19,544,6,1184,4
21,538,6,968,1
21,473,6,1362,3
20,371,7,1069,1
20,399,7,1247,5
21,483,6,943,1
18,444,6,1474,3
18,353,7,682,2
18,379,6,525,4
22,311,7,851,5
18,517,8,1428,5
21,359,7,934,4
18,507,7,1231,1
18,373,6,975,4
22,493,7,603,2
19,390,7,1211,3
19,353,8,713,5
19,489,8,1084,5
21,327,7,1012,5
19,553,6,682,3
20,310,7,1230,5
18,538,6,1419,4
18,531,6,850,2
20,480,8,1454,5
18,516,8,1333,3
22,498,8,1351,5
22,443,7,1341,3
19,448,7,1229,2
21,313,6,999,1
21,300,7,1246,2
18,550,8,1223,1
19,333,8,736,3
18,461,7,1344,1
18,439,7,1441,3
22,589,7,733,3
21,493,6,1209,1
18,574,8,942,3
19,437,7,1478,4
18,575,8,1131,2
20,381,8,971,5
20,330,6,1194,1
21,387,7,1396,2
20,446,6,651,5
20,445,6,714,4
21,314,8,903,1
19,385,8,1313,2
21,317,7,930,4
19,364,6,1307,1
22,370,8,795,3
22,395,6,933,4
18,316,6,640,5
22,557,8,1012,3
18,455,7,575,4
19,404,8,598,3
21,396,7,1143,4
18,516,8,634,3
18,365,6,1284,3
19,359,6,962,1
18,447,7,1103,4
19,399,6,1399,5
18,587,6,587,4
20,336,7,843,5
18,515,7,898,4
21,545,7,687,1
22,358,8,529,4
19,399,8,1037,5
20,339,8,924,1
18,502,6,510,4
18,463,6,737,1
19,425,7,1067,1
20,492,6,1067,3
18,375,7,883,3
22,588,6,738,3
21,521,8,596,3
20,511,7,1026,3
22,569,7,1482,2
21,457,8,688,5
20,532,7,1333,2
21,320,6,689,5
18,507,7,886,2
18,300,8,689,1
21,595,7,801,5
18,435,6,1061,2
22,500,7,1273,4
21,417,6,675,1
20,511,6,905,3
20,476,6,1377,4
19,349,7,807,5
20,472,6,1301,2
19,539,6,1347,3
18,347,6,987,1
21,459,7,1172,4
22,527,7,1154,1
21,366,7,983,3
21,412,8,560,2
21,550,6,1196,2
21,410,7,820,5
18,492,8,1299,2
22,301,7,1327,2
20,372,6,689,2
18,473,7,1318,5
22,341,6,1332,3
22,355,7,506,5
21,505,6,1440,2
20,537,7,649,3
19,336,8,861,3
20,576,6,590,5
19,520,7,947,2
20,582,8,1257,1
22,370,7,924,5
18,400,7,516,2
21,491,6,1111,1
22,527,6,797,1
20,500,7,786,1
20,505,7,1427,4
22,358,7,1136,3
19,461,8,1167,3
19,342,8,1400,1
22,352,6,676,4
20,416,6,992,2
22,515,7,592,4
20,541,6,895,3
20,423,7,1307,5
19,499,6,1261,4
22,462,8,523,4
18,336,6,887,2
19,582,6,1486,2
18,593,6,852,2
18,301,8,1445,2
19,383,6,1159,4
20,474,8,581,1
18,353,7,1137,3
22,504,6,676,1
20,539,7,1479,2
20,351,8,1152,1
21,360,7,1074,4
19,573,7,780,5
19,350,8,1101,2
18,589,6,1328,2
20,559,7,853,1
18,369,8,623,5
20,596,8,1339,4
19,534,7,1046,2
20,396,7,688,4
21,491,7,1303,3
21,448,7,536,1
18,498,7,585,3
18,400,6,1239,3
19,390,8,1500,5
18,592,6,967,3
22,325,7,1132,2
19,316,7,702,2
19,557,7,1454,1
18,590,8,610,1
21,487,7,659,5
21,481,8,838,3
18,393,8,658,4
22,535,6,1416,1
20,304,6,1314,5
20,359,6,572,1
20,475,7,1227,3
18,314,8,691,4
18,352,8,646,3
19,483,7,543,4
20,524,6,1374,2
21,364,8,1121,1
20,300,6,1016,4
19,304,6,1025,3
20,521,7,646,2
21,353,8,555,4
19,523,8,522,2
19,466,6,932,3
18,343,6,1102,1
20,485,6,1367,2
22,516,6,1172,1
20,496,7,1203,2
21,600,6,1386,2
22,540,8,995,4
18,537,6,966,1
22,492,8,581,1
20,469,7,1217,1
18,468,7,894,1
18,517,7,1295,1
18,598,7,1031,3
21,469,6,932,1
18,330,6,605,1
18,416,8,1485,3
18,301,8,1135,4
20,354,6,1255,3
18,340,7,819,2
20,519,6,1193,2
22,387,8,1395,2
18,587,8,1017,2
19,482,7,820,3
18,478,6,654,5
22,395,7,765,2
19,485,7,602,3
22,565,7,1354,1
21,395,8,549,2
18,394,6,577,5
19,569,7,769,3
20,511,8,538,4
18,526,8,1441,4
22,560,6,1078,2
22,512,7,891,3
20,318,8,695,4
21,552,6,1253,5
22,565,8,1447,1
20,313,8,544,4
20,584,7,1111,5
20,364,6,1100,3
20,425,8,1052,3
18,441,6,1007,2
22,332,8,1082,5
20,371,6,718,2
22,344,7,1257,3
18,398,7,750,1
19,458,7,507,2
20,498,7,1339,2
22,541,6,991,1
21,493,7,946,4
21,596,7,1240,4
21,531,8,860,2
21,358,6,541,4
22,302,8,1049,2
21,528,8,1416,2
18,331,8,1331,2
19,507,7,588,2
20,426,8,883,2
22,448,7,1055,2
21,429,7,683,2
22,530,8,1206,1
19,423,8,1309,5
20,581,7,1248,3
19,540,8,1183,1
22,395,7,944,2
22,305,7,1049,2
19,391,8,1376,1
18,516,6,630,5
22,543,8,694,5
20,425,6,1108,3
18,579,6,1264,3
19,571,7,591,3
20,576,6,609,1
20,364,7,1049,2
18,399,7,802,1
18,509,6,815,1
21,587,8,940,4
22,317,8,558,4
18,497,6,1136,4
18,577,8,1127,1
21,597,6,1442,4
18,412,8,1209,1
22,445,8,1331,4
18,589,6,620,4
18,553,7,1444,3
21,431,7,1047,4
18,591,7,799,5
22,477,8,1325,3
21,440,6,678,5
22,555,6,538,2
18,448,8,1469,5
22,498,6,656,5
20,327,8,862,4
22,472,8,1135,4
19,450,7,692,2
21,365,8,1125,3
22,343,6,1362,5
19,577,6,1249,5
19,469,7,1387,2
20,388,6,914,2
22,397,7,979,4
20,598,6,1256,2
21,418,6,1279,3
20,454,8,1158,5
21,456,7,604,2
21,452,8,634,3
18,530,8,684,5
21,300,6,917,5
19,443,7,1307,3
19,412,8,1335,3
21,441,6,1357,4
20,378,7,533,1
21,407,7,870,3
20,322,7,535,3
19,412,7,1151,2
18,492,7,741,4
20,466,7,674,4
18,398,8,1215,3
21,348,6,1074,3
20,314,7,1049,3
20,581,6,1383,3
19,337,7,1451,1
20,400,6,1010,3
18,459,7,938,4
22,562,6,711,1
20,389,7,974,1
18,427,6,951,1
19,570,8,835,4
22,464,7,1491,2
19,588,7,1154,5
22,419,7,864,2
20,479,8,926,4
18,555,8,654,5
20,590,8,1377,3
18,379,6,678,1
18,543,6,1443,4
19,431,6,1015,2
20,309,8,587,3
18,546,8,1469,1
21,569,8,902,5
22,579,8,1333,3
20,516,6,621,4
20,416,8,1274,3
21,497,7,786,4
22,455,6,1159,5
20,358,8,1373,4
21,547,6,692,1
21,334,8,1337,4
19,583,8,1305,2
20,380,7,540,4
22,324,8,1489,3
21,538,6,695,1
21,307,6,1432,4
22,488,6,1004,4
19,473,6,1223,2
19,405,7,1416,2
19,384,6,1077,4
20,336,8,955,5
18,542,8,529,1
19,498,8,1134,4
20,427,6,1147,3
21,491,6,1021,2
21,516,6,998,5
19,460,6,606,2
19,331,6,817,1
18,303,8,763,5
18,357,8,654,3
19,316,6,785,4
21,475,7,1226,4
21,319,7,1101,3
19,568,7,1046,5
20,555,7,791,2
22,414,8,1035,2
18,462,6,962,4
18,364,8,652,4
20,520,6,530,4
21,440,6,998,5
22,335,6,593,4
22,307,8,1270,5
22,554,8,1355,4
20,351,7,1232,4
20,388,6,877,1
21,498,8,939,1
18,496,8,923,4
18,542,6,937,4
20,491,7,715,2
19,307,6,560,2
18,481,8,1342,2
22,533,8,1248,5
19,593,6,811,2
19,540,8,1364,1
22,360,6,1155,1
20,563,7,1391,4
20,338,7,1413,3
22,354,6,1331,1
19,362,7,576,2
19,454,7,611,2
18,448,6,514,4
21,508,6,968,1
18,369,8,501,2
21,510,6,763,4
21,322,8,502,4
22,409,6,806,1
20,372,7,935,5
18,497,7,557,2
20,394,8,760,2
21,508,7,765,1
21,518,6,704,5
19,369,6,620,4
18,546,6,526,5
21,576,7,1204,3
20,350,6,1342,4
20,420,7,850,2
22,408,7,1184,3
18,454,6,906,5
19,331,8,864,1
20,523,6,1163,2
21,567,7,1198,3
18,375,6,818,1
18,401,6,1242,1
20,319,7,649,1
21,549,8,970,2
18,341,7,1102,4
18,540,6,1131,2
19,566,8,1084,3
18,426,6,1082,3
18,486,8,826,5
19,523,8,642,4
19,359,8,721,5
22,447,6,1098,5
18,354,7,1216,4
21,518,7,1266,2
19,305,7,1192,5
18,359,8,643,2
20,321,6,694,3
20,431,6,767,1
22,330,8,770,1
21,308,6,866,4
21,307,8,774,5
19,590,6,993,2
20,375,8,1432,1
19,583,7,749,5
18,443,7,781,3
19,589,6,904,1
21,518,7,1200,3
22,556,8,721,4
20,593,7,1039,2
21,416,7,1382,3
22,396,6,977,3
19,302,6,882,1
18,516,6,1327,1
21,441,7,1358,4
22,554,6,1327,3
22,588,6,1037,1
18,414,8,1298,5
22,440,8,1040,4
22,527,6,1036,5
20,500,7,923,2
18,381,8,694,3
20,578,7,827,2
20,359,8,603,5
19,337,7,699,3
21,536,7,714,3
21,398,6,1175,5
22,402,6,1026,2
18,356,8,662,1
22,543,7,1386,4
18,433,7,1182,3
21,363,6,966,4
22,540,7,745,5
18,335,8,1290,4
19,337,7,1273,2
20,512,7,1456,1
21,312,8,1465,3
20,477,8,848,3
21,486,8,858,5
18,501,6,675,3
18,501,6,1464,5
18,490,8,1492,4
18,355,6,1248,1
21,463,8,1302,5
22,383,7,1272,3
22,345,6,1155,4
18,388,8,1285,2
18,333,6,1143,5
21,579,8,1175,4
18,394,6,1388,4
20,427,8,848,1
22,465,7,676,3
19,338,7,1131,2
19,540,7,1067,3
22,503,7,1224,5
21,333,6,1399,1
18,555,8,1387,4
19,427,6,1490,1
18,506,8,1435,4
21,529,6,532,5
18,470,6,562,3
21,386,8,1175,3
22,356,6,696,2
18,492,6,971,1
20,347,8,1063,2
20,309,7,785,5
22,443,6,996,1
21,548,8,1183,1
21,550,7,604,3
22,593,7,1500,4
20,410,7,700,3
21,559,8,1073,1
20,429,7,709,4
18,434,7,1424,2
18,404,8,1420,2
18,429,6,1275,2
21,569,7,919,2
19,546,8,649,5
19,432,6,991,2
21,448,8,905,4
20,503,6,1415,4
20,423,8,1212,5
22,317,6,1367,1
18,435,7,1209,4
18,529,6,522,2
21,585,6,669,1
19,407,7,1448,2
20,532,8,736,2
18,366,7,511,1
21,313,7,554,1
22,518,6,616,3
20,514,8,920,3
19,378,6,1195,4
20,524,8,820,2
18,508,7,501,1
18,331,7,1063,4
20,513,6,1318,5
21,367,8,1242,3
22,335,8,1223,4
21,451,8,627,3
18,401,7,530,5
19,428,6,803,5
20,335,7,1036,4
19,561,7,1175,4
22,347,6,1021,5
19,400,6,1204,3
19,328,8,676,4
21,577,7,1288,3
18,414,8,1297,2
19,552,6,1042,4
18,535,7,1140,3
20,529,6,509,1
19,576,6,1309,1
21,598,7,1076,4
19,308,7,682,2
20,326,8,531,4
19,344,7,891,5
18,463,6,571,4
21,516,6,1368,1
21,336,8,1126,4
21,505,7,656,5
18,447,7,1226,5
20,317,7,1412,3
20,397,7,1353,2
22,399,6,564,4
18,424,6,1036,4
22,554,6,898,1
20,489,7,1066,5
20,586,8,533,1
20,439,7,1442,5
19,339,7,878,2
21,521,8,1178,3
22,351,8,783,2
19,412,6,1006,5
19,526,7,1407,4
20,328,6,1337,5
18,356,6,1065,3
19,554,7,1011,1
19,458,7,1121,4
21,501,8,1457,5
22,344,7,676,3
21,319,8,835,5
18,524,8,747,4
18,489,6,853,4
21,416,6,1413,4
18,306,7,619,2
21,406,6,749,3
21,426,6,546,5
20,515,8,879,2
20,453,6,1173,1
21,369,7,1450,2
20,583,8,1052,2
22,361,8,1255,4
21,423,6,931,2
22,314,6,582,5
20,454,6,1449,2
22,501,8,1500,5
20,364,8,727,3
22,586,8,1471,3
18,348,6,1241,2
18,461,8,1208,5
19,419,6,525,2
22,402,7,1037,3
21,365,6,1009,4
22,346,6,1203,4
22,439,6,1225,3
18,529,7,754,5
19,354,6,1356,3
22,541,8,1017,2
22,348,8,1102,4
19,330,8,1296,4
18,349,6,1201,2
18,393,7,543,3
21,474,7,792,5
22,447,8,711,1
18,597,7,1115,5
21,535,7,520,2
18,431,6,1186,2
22,465,6,762,3
19,389,7,675,2
18,552,6,1168,1
22,483,6,1251,5
22,358,8,951,1
18,407,7,803,4
19,472,7,1121,4
18,439,6,1429,1
21,520,8,874,1
20,533,8,1313,2
18,547,8,700,3
22,493,7,903,2
21,564,7,1137,3
21,428,7,921,3
18,554,8,1368,5
22,301,6,1423,5
21,336,6,582,4
19,366,7,570,2
21,366,7,1463,1
21,351,7,1028,3
19,330,8,866,3
19,424,7,1300,5
19,554,8,1119,1
21,316,7,821,2
20,432,8,829,2
21,449,7,1417,5
18,458,7,655,3
22,479,6,659,5
22,461,6,1147,1
19,435,7,1139,4
21,546,7,760,1
18,576,7,894,4
18,561,7,1312,5
20,505,7,550,1
19,584,6,1295,1
21,347,6,614,4
20,388,7,578,5
20,325,8,557,3
20,417,8,669,1
18,513,8,514,3
21,455,6,1036,3
21,591,8,901,1
22,320,8,1129,4
18,324,7,889,1
22,391,7,951,2
21,392,6,745,3
19,409,7,791,2
18,325,7,933,4
22,579,8,1006,3
18,468,8,1483,4
19,525,6,1380,2
20,494,8,1469,2
21,343,7,1115,5
21,511,6,877,2
21,328,6,1091,5
22,390,8,1105,2
19,563,6,614,2
21,446,6,1190,3
22,476,7,1114,3
22,300,7,1445,3
18,553,6,1113,5
18,404,6,1079,4
22,554,7,875,1
19,515,7,992,4
18,473,6,938,2
22,495,7,1351,1
22,373,7,1280,1
20,501,7,1145,3
20,553,6,754,2
22,517,6,1491,5
21,532,6,909,2
18,539,6,1147,2
20,556,8,983,1
20,393,7,1308,4
19,457,6,1319,4
18,578,6,664,3
22,361,6,723,5
21,509,6,659,5
21,558,8,733,1
20,593,8,671,4
18,592,7,552,3
19,528,6,1296,2
20,586,7,797,3
19,311,7,1077,3
20,471,7,1198,4
22,437,7,1430,1
22,475,6,1102,3
22,598,7,1195,3
20,434,7,1177,5
22,597,7,1057,5
20,456,6,1456,5
20,567,8,963,3
19,475,8,1081,4
20,463,6,1046,5
22,428,7,839,5
18,415,6,1460,4
18,582,8,637,3
21,585,6,557,5
19,545,7,719,5
21,385,6,524,3
18,584,7,827,3
21,545,8,1225,1
18,376,6,660,1
19,455,8,1225,2
18,458,6,880,4
19,418,8,979,5
22,385,8,1285,5
21,306,6,1206,2
22,348,8,611,2
20,407,6,954,3
20,454,6,1474,3
19,433,8,1397,2
19,555,8,1075,4
22,361,7,881,5
20,354,6,1122,5
21,399,7,1095,2
20,542,6,1013,2
20,490,6,1288,4
21,396,8,621,4
20,556,7,1290,5
19,373,6,555,4
18,335,6,1101,2
18,347,8,527,4
21,504,6,843,4
18,416,8,1189,1
20,407,7,1422,5
22,590,6,588,1
20,592,8,1010,2
21,316,7,572,4
19,473,6,778,1
21,462,7,584,3
22,375,6,528,4
19,446,7,1208,4
21,445,7,788,2
20,390,8,1416,4
20,485,6,1110,2
22,397,8,1399,2
19,490,7,1165,2
19,458,7,1402,5
22,343,6,1497,3
18,473,8,631,4
22,573,7,1281,2
22,438,6,1329,4
22,518,8,1075,5
21,352,7,988,3
22,385,6,587,3
20,452,7,671,1
22,546,8,1225,5
21,559,8,799,5
18,599,8,1016,4
22,513,7,646,4
22,319,7,696,2
21,550,6,909,4
22,326,8,832,1
20,345,6,1322,4
21,408,7,927,1
19,335,7,654,3
18,494,7,1251,3
20,580,8,1430,3
21,596,7,1372,3
19,493,8,1379,2
19,536,7,695,4
18,459,6,1298,1
21,376,8,618,1
19,337,8,1255,2
22,495,8,1138,4
20,494,7,873,4
21,556,7,595,4
22,541,8,644,3
18,551,8,1478,4
18,595,8,1030,2
20,562,7,862,4
19,339,8,1151,2
19,580,6,1346,1
20,599,8,903,1
21,338,8,1217,2
19,562,7,913,5
18,543,8,1114,3
19,434,8,634,3
21,337,7,1280,1
19,440,7,1306,2
18,460,6,514,1
20,339,6,1232,1
22,392,7,970,1
19,388,8,979,3
21,352,7,876,5
18,501,8,1461,2
19,378,6,801,1
22,306,7,1010,5
20,404,7,812,5
21,493,8,1361,1
19,568,7,972,5
19,488,7,710,5
20,446,6,1206,2
22,332,8,836,1
20,402,7,1030,3
18,563,8,856,5
19,419,6,1136,1
18,345,8,1487,4
18,354,8,701,5
22,323,8,1224,1
19,412,7,791,2
22,436,6,681,3
21,502,6,1206,3
19,415,7,1373,2
20,314,7,562,3
18,471,8,868,1
21,467,7,948,1
18,323,6,833,3
21,352,7,894,3
18,344,7,1424,2
18,312,8,554,1
18,483,7,1227,4
22,453,7,1115,5
20,519,7,913,3
19,470,7,1210,1
22,510,6,727,3
22,382,6,507,5
21,475,8,1033,4
21,501,7,1372,1
22,466,7,970,3
21,591,6,715,5
19,546,7,629,1
20,363,6,1380,5
19,390,7,796,2
18,542,7,742,4
18,474,8,940,5
21,389,7,1500,1
21,412,8,1135,3
20,465,6,1276,3
19,528,6,1122,2
22,304,8,867,1
20,569,7,1249,2
20,315,6,1239,3
18,302,8,706,5
19,459,8,788,3
22,486,6,1176,1
22,335,7,1399,2
18,477,8,1071,3
19,503,6,1320,4
21,559,6,739,1
20,584,6,1026,3
22,548,6,1070,5
22,581,7,1121,1
22,413,8,648,2
19,391,6,1225,3
19,454,8,712,1
21,518,7,714,4
18,314,6,1024,2
21,575,6,1148,2
22,406,6,742,4
19,553,6,1456,5
18,585,8,821,5
22,392,6,662,4
20,382,8,888,5
19,469,7,1346,1
21,436,8,719,2
19,520,7,1442,2
20,371,8,551,4
20,340,6,1160,4
19,483,6,728,3
21,425,8,908,5
19,496,6,564,3
21,365,6,1428,5
20,481,8,659,3
18,536,7,507,1
22,390,6,1367,4
20,354,6,1049,4
19,478,6,990,5
18,403,6,587,5
21,395,7,1152,1
20,422,7,904,1
19,491,7,550,4
18,450,6,1164,5
20,341,8,1244,1
21,595,8,1438,1
22,576,6,710,2
20,459,8,604,3
22,534,7,1367,3
18,361,7,630,1
22,302,7,735,1
22,343,7,580,4
21,464,8,850,4
22,392,8,795,5
20,490,7,745,2
19,415,7,1340,5
18,434,6,968,4
18,437,7,1088,2
22,540,6,1321,3
21,466,8,1458,2
22,492,6,1245,4
20,307,7,1068,3
18,393,8,935,1
18,390,6,1229,5
20,579,6,721,1
19,370,7,1421,1
19,463,7,1249,5
20,405,8,921,4
21,402,7,1311,5
21,360,8,1416,1
21,576,8,567,4
18,464,6,1176,5
22,333,8,1486,4
18,343,6,1365,2
22,358,6,1057,4
22,543,8,897,1
20,404,6,625,2
21,520,8,747,4
20,496,6,541,3
20,395,8,1303,5
21,392,8,1420,3
18,352,6,951,1
19,480,6,972,2
21,449,6,1295,3
19,484,8,580,5
22,494,8,1371,5
18,468,6,625,2
20,409,6,547,1
18,432,8,866,1
18,525,6,742,4
20,346,6,915,1
21,547,7,1376,3
20,374,6,1235,4
22,541,6,698,3
18,381,7,830,3
22,415,8,1457,3
20,391,7,720,3
21,317,7,527,3
19,452,7,1340,1
19,516,6,517,2
20,502,8,1437,2
22,394,6,1455,1
19,576,6,755,4
19,555,6,1218,1
21,310,6,1271,1
20,376,7,1275,5
22,398,6,590,1
22,424,7,864,5
18,463,7,1461,3
18,570,6,501,2
21,387,8,849,3
19,453,7,550,2
21,545,7,1172,5
18,484,6,988,2
20,339,6,1392,5
19,489,6,1088,3
19,436,8,1334,3
20,510,8,758,3
22,519,7,1253,4
18,425,6,510,2
18,365,6,989,5
20,415,6,1112,5
22,494,8,1325,2
19,592,6,1232,3
18,335,7,1436,2
19,515,8,1226,4
20,421,7,628,2
20,441,7,1309,3
22,379,8,1085,4
21,356,8,809,2
20,548,6,1347,2
22,303,6,930,1
18,588,8,823,3
21,378,7,1345,2
22,418,8,1166,5
21,445,8,1091,3
21,307,6,526,2
18,555,8,1487,3
18,528,7,1080,2
18,514,8,563,2
21,419,7,587,4
20,449,8,911,5
20,402,8,913,3
21,588,8,1196,3
19,482,8,1225,4
22,412,7,969,3
21,424,7,942,4
19,578,7,518,1
19,438,7,738,3
20,363,7,1040,5
20,397,7,1499,4
20,356,7,1221,2
19,462,7,1350,3
20,449,8,1342,1
20,461,8,1035,3
20,467,7,1441,5
20,457,7,1344,4
22,508,8,534,4
22,398,6,1078,2
19,564,6,1406,5
18,373,7,1259,1
19,524,8,1202,4
20,434,8,936,5
22,489,8,1007,1
18,358,7,1205,2
18,442,7,1386,2
20,489,7,1192,2
18,312,6,608,3
22,433,8,860,4
19,564,6,1200,2
20,556,6,776,2
18,523,7,1259,3
18,324,6,1373,1
19,320,7,717,1
19,448,7,722,5
22,392,8,1333,2
19,378,8,1065,4
21,390,6,1099,5
21,424,6,1150,2
20,450,6,1177,1
18,407,7,587,5
20,577,7,818,1
21,309,8,1179,3
22,372,7,1335,5
21,460,6,1127,3
22,320,7,1246,5
20,590,8,1205,3
21,481,6,741,4
22,531,8,564,1
21,498,7,1375,3
20,324,6,543,3
19,422,8,1057,4
